City_ID,City,Lat,Lng,Max Temp,Humidity,Cloudiness,Wind Speed,Country,Date
0,grytviken,-54.2811,-36.5092,277.12,97,100,4.22,GS,1712192067
1,betio village,1.358,172.9211,300.17,75,11,2.99,KI,1712192067
2,invercargill,-46.4,168.35,286.49,63,96,5.36,NZ,1712191841
3,kupino,54.3663,77.2981,274.54,97,84,3.61,RU,1712192067
4,eydhafushi,5.1033,73.0708,301.89,73,100,0.84,MV,1712192068
5,belmonte,-15.8631,-38.8828,300.15,89,100,2.4,BR,1712191936
6,arteche,12.2645,125.4048,302.18,66,8,4.78,PH,1712192068
7,georgetown,5.4112,100.3354,302.56,87,20,1.54,MY,1712192068
8,simenqian,27.4872,110.8861,287.11,93,100,1.63,CN,1712192068
9,adamstown,-25.066,-130.1015,296.48,72,9,5.3,PN,1712192052
10,sinabang,2.4803,96.3801,300.75,80,100,0.94,ID,1712192068
11,puerto natales,-51.7236,-72.4875,275.92,84,100,6.78,CL,1712192068
12,port-aux-francais,-49.35,70.2167,278.68,66,42,10.45,TF,1712192069
13,champerico,14.3,-91.9167,301.32,71,7,6.19,GT,1712192069
14,springs,-26.25,28.4,288.34,99,100,1.73,ZA,1712192069
15,dedovichi,57.5517,29.9502,270.75,81,100,5.37,RU,1712192061
16,port alfred,-33.5906,26.891,292.58,84,100,5.58,ZA,1712192057
17,pontes e lacerda,-15.2261,-59.3353,298.75,81,100,1.38,BR,1712192069
18,mount gambier,-37.8333,140.7667,289.31,50,61,3.43,AU,1712191940
19,uturoa,-16.7333,-151.4333,301.35,78,98,7.62,PF,1712192069
20,vadso,70.0744,29.7487,264.64,73,98,6.17,NO,1712192069
21,tazacorte,28.629,-17.9293,290.69,81,0,3.6,ES,1712192070
22,edinburgh of the seven seas,-37.0676,-12.3116,288.66,69,99,9.24,SH,1712192070
23,selfoss,63.9331,-20.9971,272.62,73,100,1.9,IS,1712192070
24,stanley,54.868,-1.6985,278.31,96,100,5.14,GB,1712191790
25,bredasdorp,-34.5322,20.0403,289.0,97,30,1.68,ZA,1712192070
26,sitka,57.0531,-135.33,281.09,57,0,6.69,US,1712192070
27,waitangi,-43.9535,-176.5597,288.61,94,100,4.47,NZ,1712192070
28,queenstown,-31.8976,26.8753,288.74,72,100,1.77,ZA,1712192070
29,lompoc,34.6391,-120.4579,293.58,71,0,4.63,US,1712191948
30,micheweni,-4.9667,39.8333,299.93,86,82,4.08,TZ,1712192071
31,kiunga,-6.1219,141.2906,297.17,99,100,1.64,PG,1712192071
32,albany,42.6001,-73.9662,276.25,82,100,4.02,US,1712191888
33,utrik,11.2278,169.8474,299.95,77,100,8.67,MH,1712192071
34,san antonio de pale,-1.4014,5.6325,301.43,75,100,4.5,GQ,1712192071
35,west island,-12.1568,96.8225,301.14,83,40,5.66,CC,1712192072
36,anadyr,64.75,177.4833,262.43,78,75,3.0,RU,1712192072
37,olonkinbyen,70.9221,-8.7187,270.03,73,100,3.43,SJ,1712192072
38,iqaluit,63.7506,-68.5145,266.0,79,20,5.66,CA,1712192072
39,simpang,-1.2667,104.0833,300.72,86,56,0.62,ID,1712192072
40,constantia,44.1833,28.65,283.54,63,100,2.56,RO,1712191873
41,margaret river,-33.95,115.0667,292.8,44,100,5.0,AU,1712192063
42,tuy hoa,13.0833,109.3,302.06,72,28,2.8,VN,1712192073
43,howrah,22.5892,88.3103,301.15,89,40,3.6,IN,1712192073
44,jamestown,42.097,-79.2353,275.92,100,100,2.06,US,1712191989
45,carnarvon,-24.8667,113.6333,301.73,30,95,7.7,AU,1712192073
46,yukhnov,54.7444,35.2297,278.36,87,100,4.64,RU,1712192073
47,bethel,41.3712,-73.414,277.7,86,100,7.72,US,1712191793
48,thandla,23.0,74.5667,298.45,38,100,2.6,IN,1712192073
49,revda,56.801,59.9303,278.47,83,11,5.51,RU,1712192073
50,pemba,-12.974,40.5178,301.54,94,20,2.24,MZ,1712192073
51,tiksi,71.6872,128.8694,252.43,95,100,1.31,RU,1712192074
52,alesund,62.4723,6.1549,275.24,100,100,7.2,NO,1712192010
53,tazovsky,67.4667,78.7,252.52,95,97,7.45,RU,1712192074
54,iskateley,67.6803,53.1512,258.16,95,100,1.34,RU,1712192074
55,acapulco de juarez,16.8634,-99.8901,299.05,73,20,4.12,MX,1712191932
56,yellowknife,62.456,-114.3525,267.44,65,20,7.72,CA,1712192074
57,mabaruma,8.2,-59.7833,298.36,87,91,2.02,GY,1712192074
58,aroma,15.8167,36.1333,300.74,39,100,3.2,SD,1712192074
59,thetford-mines,46.0937,-71.3054,276.21,74,100,7.91,CA,1712192074
60,aykhal,66.0,111.5,270.76,95,100,13.3,RU,1712192075
61,talnakh,69.4865,88.3972,252.11,98,100,1.8,RU,1712192075
62,borogontsy,62.6683,131.1683,270.95,85,100,3.13,RU,1712192075
63,hawaiian paradise park,19.5933,-154.9731,298.64,77,100,7.72,US,1712192075
64,gadani,25.1185,66.7299,297.27,77,100,3.39,PK,1712192075
65,vilyuchinsk,52.9306,158.4028,274.3,68,39,5.1,RU,1712192075
66,hermanus,-34.4187,19.2345,289.71,91,0,3.56,ZA,1712192076
67,wailua homesteads,22.0669,-159.378,300.39,71,100,8.23,US,1712192076
68,touros,-5.1989,-35.4608,299.66,88,14,2.86,BR,1712191996
69,codrington,-38.2667,141.9667,288.52,52,100,4.06,AU,1712192076
70,port elizabeth,-33.918,25.5701,288.88,98,20,1.03,ZA,1712192076
71,messaad,34.1543,3.5031,289.11,39,0,0.96,DZ,1712192076
72,umba,66.6871,34.3429,259.93,87,85,4.49,RU,1712192076
73,nuuk,64.1835,-51.7216,271.49,80,6,5.14,GL,1712192076
74,nova sintra,14.8667,-24.7167,293.17,78,100,8.94,CV,1712192076
75,bilibino,68.0546,166.4372,260.28,65,8,0.53,RU,1712192077
76,margate,51.3813,1.3862,284.21,91,100,3.58,GB,1712192077
77,soio,-6.1349,12.3689,300.36,89,100,3.26,AO,1712192077
78,atafu village,-8.5421,-172.5159,302.62,68,6,1.88,TK,1712192077
79,bonthe,7.5264,-12.505,298.46,87,100,4.14,SL,1712192077
80,tuba city,36.135,-111.2399,291.57,19,0,2.12,US,1712192077
81,blackmans bay,-43.0167,147.3167,289.67,56,26,0.45,AU,1712192077
82,ugoofaaru,5.6667,73.0,301.71,75,100,1.37,MV,1712192077
83,suva,-18.1416,178.4415,302.86,70,40,7.2,FJ,1712192078
84,tyukhtet,56.5389,89.3011,274.26,91,100,6.12,RU,1712192078
85,lebu,-37.6167,-73.65,285.57,76,100,1.62,CL,1712192078
86,udachny,66.4167,112.4,271.18,83,100,11.11,RU,1712192078
87,hithadhoo,-0.6,73.0833,302.24,75,100,4.81,MV,1712192078
88,zwedru,6.0667,-8.1281,298.15,94,99,1.54,LR,1712192078
89,thompson,55.7435,-97.8558,281.24,34,75,2.06,CA,1712191847
90,thurso,58.5927,-3.5259,277.29,71,100,7.84,GB,1712192079
91,new norfolk,-42.7826,147.0587,290.33,54,39,1.6,AU,1712192079
92,wenchang,30.904,118.4887,286.02,71,98,3.41,CN,1712192079
93,bumba,2.1833,22.4667,295.56,92,89,0.92,CD,1712192079
94,mount pearl,47.5166,-52.7813,274.18,96,100,12.86,CA,1712192079
95,cabo san lucas,22.8909,-109.9124,297.93,60,0,4.09,MX,1712192051
96,nacozari viejo,30.4,-109.65,292.77,21,0,2.87,MX,1712192079
97,al kharijah,25.4514,30.5464,296.23,30,0,3.88,EG,1712192079
98,porto novo,6.4965,2.6036,300.05,84,100,4.05,BJ,1712192059
99,remire-montjoly,4.9167,-52.2667,300.17,94,75,4.63,GF,1712192080
100,ca mau,9.1769,105.15,302.8,64,60,2.47,VN,1712192080
101,ambo,-10.1308,-76.2047,289.37,92,98,1.13,PE,1712192080
102,isafjordur,66.0755,-23.124,269.82,74,100,2.36,IS,1712192080
103,shimoda,34.6667,138.95,288.35,88,100,4.35,JP,1712192080
104,as sulayyil,20.4607,45.5779,293.29,63,100,2.6,SA,1712192080
105,inirida,3.8653,-67.9239,300.76,70,61,0.59,CO,1712192080
106,east london,-33.0153,27.9116,292.93,80,100,4.77,ZA,1712192080
107,changping,40.2186,116.2197,283.95,24,100,2.69,CN,1712192081
108,fale old settlement,-9.3852,-171.2468,302.45,70,3,0.64,TK,1712192081
109,chonchi,-42.6128,-73.8092,284.88,97,100,2.83,CL,1712192081
110,laguna,38.421,-121.4238,292.81,65,20,8.23,US,1712192081
111,petropavlovsk-kamchatsky,53.0452,158.6483,273.48,83,20,5.0,RU,1712192081
112,san patricio,28.017,-97.5169,300.12,34,0,1.56,US,1712192081
113,altai,46.3722,96.2583,271.21,66,81,0.02,MN,1712192081
114,bealanana,-14.55,48.7333,292.06,99,89,1.42,MG,1712192081
115,idri,27.5,13.2667,294.99,19,8,4.41,LY,1712192082
116,kapa'a,22.0752,-159.319,301.14,71,100,8.23,US,1712192082
117,guiuan,11.0333,125.7247,301.12,75,6,6.49,PH,1712192082
118,hamilton,39.1834,-84.5333,279.14,76,100,6.71,US,1712191829
119,qaqortoq,60.7167,-46.0333,265.23,87,23,1.69,GL,1712192082
120,saint-gervais-les-bains,45.8929,6.7138,280.13,97,100,1.9,FR,1712192082
121,ushuaia,-54.8,-68.3,277.96,70,75,3.6,AR,1712191876
122,twon-brass,4.3151,6.2418,301.85,79,100,4.87,NG,1712192082
123,konstantinovka,49.6167,127.9833,277.15,48,0,5.96,RU,1712192082
124,ribeira grande,38.5167,-28.7,288.02,73,15,8.94,PT,1712192083
125,brady,31.1352,-99.3351,295.4,24,0,3.09,US,1712192083
126,santa ana,33.7456,-117.8678,298.35,56,0,4.63,US,1712192083
127,papatowai,-46.5619,169.4708,284.94,63,75,6.05,NZ,1712192083
128,greenville,35.6127,-77.3663,294.24,89,0,5.66,US,1712191999
129,keflavik,64.0049,-22.5624,273.39,93,100,3.6,IS,1712192083
130,corinto,37.9407,22.9573,286.61,63,32,2.11,GR,1712192083
131,praia da vitoria,38.7333,-27.0667,288.57,72,20,8.66,PT,1712192083
132,cassilandia,-19.1133,-51.7342,299.45,72,100,0.91,BR,1712191785
133,college,64.8569,-147.8028,270.41,73,100,0.45,US,1712192084
134,malakwal,32.5536,73.2123,292.16,43,29,2.3,PK,1712192084
135,ilulissat,69.2167,-51.1,270.16,80,75,6.69,GL,1712192084
136,cherepovets,59.1333,37.9,277.47,91,100,4.69,RU,1712192084
137,eureka,40.8021,-124.1637,284.12,76,100,1.79,US,1712191829
138,numan,9.4667,12.0333,303.5,33,22,0.8,NG,1712192084
139,ribeira brava,32.65,-17.0667,289.5,85,0,1.33,PT,1712192084
140,kodiak,57.79,-152.4072,275.88,65,75,2.06,US,1712192085
141,nadym,65.5333,72.5167,256.93,93,69,4.11,RU,1712192085
142,juneau,58.3019,-134.4197,281.15,39,40,4.12,US,1712191963
143,crane,31.3974,-102.3501,294.43,18,0,0.61,US,1712192085
144,chabahar,25.2919,60.643,297.12,75,50,4.69,IR,1712192085
145,pisco,-13.7,-76.2167,296.18,78,0,5.14,PE,1712192050
146,pokhara,28.2333,83.9833,294.44,24,58,2.79,NP,1712192085
147,olds,51.7834,-114.102,280.23,49,100,3.09,CA,1712191807
148,hasaki,35.7333,140.8333,287.37,87,100,5.28,JP,1712192085
149,sayansk,54.1088,102.1648,273.13,96,100,1.4,RU,1712192086
150,santa cruz,-17.8,-63.1667,299.85,89,76,4.12,BO,1712191805
151,shingu,33.7333,135.9833,291.27,91,100,0.6,JP,1712192086
152,badiyah,22.45,58.8,298.72,52,100,2.12,OM,1712192086
153,kruisfontein,-34.0033,24.7314,287.53,77,7,2.63,ZA,1712192086
154,akureyri,65.6835,-18.0878,261.11,79,0,1.54,IS,1712192086
155,taco pozo,-25.6167,-63.2833,299.55,69,92,1.78,AR,1712192086
156,carutapera,-1.195,-46.02,298.48,93,100,1.93,BR,1712192086
157,tuzha,57.6062,47.936,282.9,74,100,7.22,RU,1712192087
158,samana,19.2056,-69.3369,297.47,85,0,3.67,DO,1712192087
159,lata,40.1629,-8.3327,284.86,91,100,1.31,PT,1712192087
160,robore,-18.3333,-59.75,304.29,48,6,3.72,BO,1712192087
161,newman,37.3138,-121.0208,297.28,63,37,4.02,US,1712192087
162,mineiros,-17.5694,-52.5511,295.03,89,100,0.95,BR,1712191383
163,puerto ayacucho,5.6639,-67.6236,297.98,92,100,4.22,VE,1712192087
164,al ghayzah,16.2079,52.176,298.57,79,100,3.28,YE,1712192087
165,shache,38.4167,77.2406,281.88,40,57,1.25,CN,1712192087
166,badger,64.8,-147.5333,270.36,75,100,0.45,US,1712192088
167,knokke-heist,51.3333,3.3333,283.96,69,100,7.25,BE,1712192088
168,tolanaro,-25.0319,46.9987,296.19,88,20,6.17,MG,1712192088
169,gadzhiyevo,69.2551,33.3362,264.62,72,100,0.1,RU,1712192088
170,caleta de carquin,-11.0925,-77.6267,295.53,83,100,3.51,PE,1712192088
171,namie,37.4833,141.0,289.01,75,22,2.22,JP,1712191851
172,kasane,-17.8167,25.15,293.26,66,53,1.13,BW,1712192088
173,rizhao,35.4275,119.4553,283.68,38,100,5.3,CN,1712192088
174,mirador,-6.3708,-44.3631,296.83,93,71,0.29,BR,1712192089
175,cockburn town,21.4612,-71.1419,298.13,78,40,5.66,TC,1712191961
176,st. john's,47.5649,-52.7093,274.64,96,100,12.86,CA,1712191931
177,okhotsk,59.3833,143.3,268.78,71,80,5.67,RU,1712192089
178,tougan,13.0667,-3.0667,304.86,17,0,2.3,BF,1712192089
179,alofi,-19.0595,-169.9187,301.09,89,75,5.66,NU,1712192089
180,ta`u,-14.2336,-169.5144,301.75,75,100,4.15,AS,1712192089
181,collie,-33.3667,116.15,292.61,39,99,3.57,AU,1712192089
182,sao jose da coroa grande,-8.8978,-35.1478,300.74,82,86,1.98,BR,1712191936
183,la ronge,55.1001,-105.2842,285.29,43,100,3.6,CA,1712192089
184,xilin hot,43.9667,116.0333,273.38,32,100,3.03,CN,1712192090
185,puerto ayora,-0.7393,-90.3518,298.46,94,66,0.89,EC,1712192090
186,burang,30.25,81.1667,266.97,94,100,1.4,CN,1712192090
187,mamfe,5.754,9.3123,297.31,93,100,0.62,CM,1712192090
188,canutama,-6.5339,-64.3831,299.23,86,93,1.37,BR,1712192056
189,fortuna,40.5982,-124.1573,283.52,82,100,3.6,US,1712192090
190,lorengau,-2.0226,147.2712,302.22,81,100,4.18,PG,1712192090
191,guerrero negro,27.9769,-114.0611,293.8,48,0,8.99,MX,1712192090
192,bembereke,10.2283,2.6634,300.95,59,85,5.02,BJ,1712192091
193,kargil,34.5667,76.1,264.56,85,98,0.95,IN,1712192091
194,geraldton,-28.7667,114.6,298.38,23,7,10.8,AU,1712192091
195,hays,30.0502,-98.0336,295.92,40,0,2.2,US,1712192091
196,jinchang,38.4953,102.1739,282.32,46,34,0.65,CN,1712192091
197,inhambane,-23.865,35.3833,297.72,80,85,2.29,MZ,1712192091
198,vernon,50.2581,-119.2691,286.44,28,100,2.06,CA,1712191814
199,enewetak,11.3474,162.3373,300.25,72,100,8.11,MH,1712192091
200,el calafate,-50.3408,-72.2768,276.98,83,84,6.49,AR,1712192091
201,port lincoln,-34.7333,135.8667,290.08,54,88,5.1,AU,1712192092
202,ust-nera,64.5667,143.2,261.68,91,79,4.1,RU,1712192092
203,basoko,1.2391,23.616,295.53,93,88,0.7,CD,1712192092
204,imbituba,-28.24,-48.6703,295.82,90,31,3.74,BR,1712192092
205,kingston,17.997,-76.7936,301.68,70,20,7.72,JM,1712191849
206,huarmey,-10.0681,-78.1522,295.94,84,53,3.18,PE,1712192092
207,eshowe,-28.8865,31.4699,289.53,94,65,1.41,ZA,1712192092
208,avarua,-21.2078,-159.775,303.18,70,20,6.69,CK,1712192092
209,mejit,10.2753,170.8646,299.94,78,100,8.48,MH,1712192092
210,labasa,-16.4167,179.3833,299.83,87,100,4.76,FJ,1712192093
211,afaahiti,-17.75,-149.2833,302.08,77,86,6.82,PF,1712192093
212,masuguru,-11.3667,38.4167,295.56,98,100,0.79,TZ,1712192093
213,qalat,32.1058,66.9083,282.0,32,100,0.65,AF,1712192093
214,ape,57.5393,26.6929,271.88,88,100,3.66,LV,1712192093
215,narimanov,46.6927,47.8498,280.1,61,100,3.53,RU,1712192093
216,port mathurin,-19.6833,63.4167,300.0,84,100,8.87,MU,1712192093
217,kununurra,-15.7667,128.7333,302.14,45,75,9.26,AU,1712191976
218,vanino,49.0869,140.2543,275.89,56,27,1.58,RU,1712192094
219,peniche,39.3558,-9.3811,285.99,95,91,3.88,PT,1712192094
220,lihue,21.9789,-159.3672,300.73,70,100,8.23,US,1712192094
221,colonia,50.9333,6.95,283.64,86,75,2.57,DE,1712192059
222,plettenberg bay,-34.0527,23.3716,290.23,67,0,1.27,ZA,1712192094
223,vila velha,-20.3297,-40.2925,300.12,93,75,2.57,BR,1712191561
224,acarau,-2.8856,-40.12,299.66,85,13,2.93,BR,1712192095
225,saint-pierre,-21.3393,55.4781,297.97,94,100,9.26,RE,1712192095
226,brokopondo,4.75,-55.1667,300.85,77,78,5.79,SR,1712192095
227,langtoucun,40.0261,124.3286,284.4,27,100,6.54,CN,1712192095
228,kapuskasing,49.4169,-82.4331,274.15,93,100,5.66,CA,1712192095
229,ivins,37.1686,-113.6794,296.01,21,0,2.24,US,1712192095
230,grand falls-windsor,48.9332,-55.6649,272.87,91,100,4.47,CA,1712191921
231,qui nhon,13.7667,109.2333,300.5,81,95,3.65,VN,1712192095
232,porto seguro,-16.4497,-39.0647,300.44,89,40,2.06,BR,1712192095
233,happy valley-goose bay,53.3168,-60.3315,274.32,75,75,2.57,CA,1712192096
234,kyelang,32.5833,77.0333,259.21,93,66,2.61,IN,1712192096
235,saipan,15.1355,145.701,302.54,70,75,9.26,MP,1712192096
236,rio gallegos,-51.6226,-69.2181,278.18,65,75,13.38,AR,1712191690
237,whitehorse,60.7161,-135.0538,277.65,32,75,4.63,CA,1712192096
238,smara,26.7384,-11.6719,289.52,76,0,4.1,EH,1712192096
239,usinsk,65.9939,57.5281,262.63,87,100,8.49,RU,1712192029
240,paita,-5.0892,-81.1144,295.81,78,94,5.99,PE,1712192096
241,tsiombe,-25.3,45.4833,294.29,90,0,3.08,MG,1712192096
242,chippewa falls,44.9369,-91.3929,275.36,78,100,6.17,US,1712191802
243,smithers,54.7804,-127.1743,277.33,60,75,2.57,CA,1712192097
244,punta arenas,-53.15,-70.9167,276.21,81,20,10.8,CL,1712192097
245,ha'il,27.5219,41.6907,289.16,59,0,0.0,SA,1712192097
246,weihai,37.5017,122.1136,280.6,61,99,6.59,CN,1712192097
247,kusong,39.9811,125.2447,285.3,27,18,8.18,KP,1712192097
248,sorong,-0.8833,131.25,301.02,81,94,1.43,ID,1712192097
249,la passe,45.5549,-0.8967,287.03,77,97,3.55,FR,1712192097
250,nova vicosa,-17.8919,-39.3719,298.75,90,100,1.56,BR,1712191936
251,richards bay,-28.783,32.0377,294.0,92,100,1.52,ZA,1712192098
252,ertil',51.8406,40.8056,281.06,78,99,3.06,RU,1712192098
253,eraan,9.0629,117.7016,303.55,56,6,1.4,PH,1712192098
254,fort bragg,35.139,-79.006,295.06,37,0,6.69,US,1712192098
255,lefka,35.1106,32.8506,291.8,41,6,2.43,CY,1712192098
256,shuangcheng,45.35,126.2833,276.97,47,0,4.31,CN,1712192098
257,karkira,36.9292,6.5856,285.94,67,0,2.26,DZ,1712192098
258,curillo,1.0333,-75.9191,295.93,98,88,0.18,CO,1712192098
259,lashio,22.9333,97.75,297.44,39,0,0.35,MM,1712192099
260,kuanda,56.3161,116.0806,265.04,82,55,0.53,RU,1712192099
261,chernyshevskiy,63.0128,112.4714,271.89,91,100,7.72,RU,1712192099
262,vila franca do campo,37.7167,-25.4333,291.42,99,100,9.22,PT,1712192099
263,sylvan lake,52.3168,-114.0853,281.29,40,0,2.57,CA,1712191803
264,rongelap,11.1635,166.8941,300.17,75,70,7.86,MH,1712192099
265,aasiaat,68.7098,-52.8699,268.0,90,96,4.89,GL,1712192099
266,princeville,45.7668,-61.2985,273.66,83,0,3.09,CA,1712192099
267,morondava,-20.2833,44.2833,298.07,74,0,2.97,MG,1712192100
268,vrangel',42.7297,133.0839,279.16,58,1,4.46,RU,1712192100
269,lensk,60.7253,114.9278,272.27,87,99,6.39,RU,1712192100
270,xique xique,-10.8217,-42.7311,298.86,78,98,1.52,BR,1712191977
271,visakhapatnam,17.69,83.2093,300.09,94,20,1.03,IN,1712192100
272,kovrov,56.3572,41.3192,282.21,72,100,6.14,RU,1712192100
273,klyuchi,52.2667,79.1667,275.09,78,22,3.69,RU,1712192100
274,tejen,37.3834,60.5054,287.51,37,68,6.62,TM,1712192100
275,nouadhibou,20.931,-17.0347,292.14,77,0,9.26,MR,1712192100
276,labrador city,52.9463,-66.9114,271.1,69,100,2.57,CA,1712192101
277,vorgashor,67.5833,63.95,246.37,100,89,2.5,RU,1712192101
278,kaa-khem,51.6833,94.7333,273.93,82,35,1.21,RU,1712192101
279,salzburg,47.7994,13.044,283.47,94,75,3.6,AT,1712192101
280,saint-leu,-21.15,55.2833,297.63,88,100,6.72,RE,1712192101
281,piikkio,60.4248,22.516,268.65,71,0,3.09,FI,1712192101
282,castillos,-34.1667,-53.8333,288.75,95,100,2.1,UY,1712192101
283,dingzhou,38.5131,114.9956,282.21,52,0,2.86,CN,1712192101
284,brooks,50.5834,-111.8851,283.14,55,100,6.17,CA,1712192102
285,lafayette,30.2335,-92.0668,294.12,47,0,6.07,US,1712192102
286,islampur,26.2667,88.2,296.74,42,10,4.37,IN,1712192102
287,kolonia town,6.964,158.206,304.21,70,75,6.17,FM,1712192102
288,arkhangel'sk,64.5401,40.5433,266.0,87,100,7.0,RU,1712192102
289,brasilia,-15.7797,-47.9297,294.05,94,75,2.57,BR,1712192094
290,fort madison,40.6298,-91.3151,280.06,87,100,9.51,US,1712192082
291,guatrache,-37.6678,-63.5302,287.95,35,0,1.29,AR,1712192103
292,sucre,-19.0333,-65.2627,291.23,62,100,2.67,BO,1712192056
293,kimbe,-5.5502,150.1429,305.11,60,100,0.54,PG,1712192103
294,hilo,19.7297,-155.09,298.76,81,100,7.72,US,1712192103
295,hadibu,12.65,54.0333,299.09,77,21,2.55,YE,1712192104
296,hepo,23.4308,115.8299,300.61,70,51,1.78,CN,1712192104
297,tura,25.5198,90.2201,295.8,71,4,2.45,IN,1712192104
298,rio grande,-32.035,-52.0986,296.21,90,100,3.38,BR,1712191401
299,taksimo,56.3444,114.8794,266.16,75,92,0.43,RU,1712192104
300,tokar,18.4254,37.729,299.2,84,20,5.36,SD,1712192104
301,tralee,52.2704,-9.7026,278.99,95,100,1.81,IE,1712192104
302,mitsamiouli,-11.3847,43.2844,301.36,79,79,4.26,KM,1712192105
303,villamontes,-21.25,-63.5,298.33,81,100,0.71,BO,1712192105
304,neon karlovasion,37.7903,26.7044,289.21,80,46,2.28,GR,1712192105
305,olinda,-8.0089,-34.8553,302.0,84,40,1.54,BR,1712192105
306,kavaratti,10.5669,72.642,301.76,71,22,3.22,IN,1712192105
307,howard springs,-12.497,131.047,304.19,74,22,3.72,AU,1712192106
308,ola,59.5833,151.2833,267.92,56,5,0.64,RU,1712192106
309,ketchikan,55.3422,-131.6461,281.41,53,75,3.6,US,1712192106
310,ampanihy,-24.7,44.75,294.32,74,0,2.5,MG,1712192106
311,waddan,29.1614,16.139,293.71,41,3,4.28,LY,1712192106
312,prince rupert,54.3161,-130.3201,281.2,68,40,5.66,CA,1712192107
313,longyearbyen,78.2186,15.6401,260.06,85,75,4.12,SJ,1712192107
314,zhalantun,48.0,122.7167,278.0,39,0,5.63,CN,1712192107
315,rayevskiy,54.0658,54.9468,276.1,87,1,3.2,RU,1712192108
316,novyy urgal,51.0736,132.5642,272.36,75,66,0.42,RU,1712192108
317,bouarfa,32.53,-1.95,289.03,33,0,1.9,MA,1712192108
318,kashmar,35.2383,58.4656,284.53,40,0,3.07,IR,1712192109
319,trincomalee,8.5711,81.2335,300.19,85,95,2.6,LK,1712192109
320,nar'yan-mar,67.6713,53.087,258.21,95,100,1.34,RU,1712192109
321,ghadamis,30.1337,9.5007,296.92,21,100,6.52,LY,1712192109
322,tamanrasset,22.785,5.5228,294.1,9,0,2.57,DZ,1712192109
323,carolina,18.3808,-65.9574,300.09,77,0,4.12,PR,1712191341
324,la'ie,21.6477,-157.9253,301.13,71,3,3.58,US,1712192109
325,tofol,5.3248,163.0078,304.03,66,100,7.72,FM,1712192109
326,zahedan,29.4963,60.8629,282.1,40,0,3.09,IR,1712192110
327,mbandaka,0.0487,18.2603,295.68,95,44,0.84,CD,1712192110
328,akhmet'a,42.0311,45.2075,285.44,79,77,3.9,GE,1712192110
329,huntsville,34.7304,-86.5861,285.08,47,75,9.83,US,1712192060
330,necochea,-38.5473,-58.7368,286.82,58,7,1.99,AR,1712192110
331,shumikha,55.2261,63.2961,275.35,87,25,4.54,RU,1712192110
332,borzya,50.3833,116.5167,275.49,32,18,4.86,RU,1712192110
333,banff,51.1762,-115.5698,278.36,60,100,3.6,CA,1712192110
334,tabas,33.5959,56.9244,290.97,20,100,0.93,IR,1712192111
335,ancud,-41.8697,-73.8203,285.76,92,97,7.86,CL,1712192111
336,puerto aysen,-45.4,-72.7,280.58,100,100,3.3,CL,1712192055
337,belyy yar,53.6039,91.3903,274.09,75,0,2.0,RU,1712192111
338,sanya,18.2431,109.505,301.24,83,75,2.0,CN,1712192111
339,aldinga beach,-35.2793,138.4604,292.29,64,100,4.54,AU,1712192111
340,rawson,-43.3002,-65.1023,289.13,34,3,6.74,AR,1712191843
341,dudinka,69.4058,86.1778,252.05,98,100,2.99,RU,1712192112
342,koundara,12.4833,-13.3,301.26,46,7,5.32,GN,1712192112
343,mezhdurechenskiy,59.6,65.9333,278.11,89,100,4.45,RU,1712192112
344,crucecita,-28.95,-58.9833,297.47,92,35,6.5,AR,1712192112
345,hopelchen,19.7667,-89.85,300.16,70,19,2.82,MX,1712192112
346,weno,7.4515,151.8468,302.12,84,100,5.66,FM,1712192112
347,portland,45.5234,-122.6762,285.37,68,75,5.14,US,1712192063
348,el bolson,-41.9667,-71.5167,280.35,98,100,3.36,AR,1712192112
349,huambo,-12.7761,15.7392,291.04,100,100,1.54,AO,1712192059
350,villa union,23.2,-106.2333,294.77,76,0,2.92,MX,1712192113
351,sisimiut,66.9395,-53.6735,268.27,76,6,4.59,GL,1712192113
352,lycksele,64.5954,18.6735,254.08,84,76,1.03,SE,1712192113
353,cidreira,-30.1811,-50.2056,296.15,87,19,7.58,BR,1712192113
354,marco island,25.9363,-81.7157,299.29,87,75,5.66,US,1712192113
355,polyarnyy,69.1989,33.4478,264.24,73,100,0.16,RU,1712192113
356,yaren,-0.5472,166.916,301.08,77,21,1.96,NR,1712192113
357,taltal,-25.4,-70.4833,291.74,80,0,1.17,CL,1712192114
358,igarka,67.4667,86.5833,254.79,93,100,6.06,RU,1712192114
359,wuwei,37.9281,102.6414,282.74,49,6,0.27,CN,1712192104
360,singrauli,24.1997,82.6753,298.31,25,93,1.46,IN,1712192114
361,orcopampa,-15.2661,-72.3417,282.59,87,100,1.04,PE,1712192114
362,salinera colan,-5.0333,-81.0667,297.16,73,96,5.77,PE,1712192114
363,orzysz,53.8097,21.9481,272.41,91,65,2.32,PL,1712192114
364,xiva,41.3783,60.3639,280.14,35,0,3.84,UZ,1712192114
365,lodja,-3.4833,23.4333,296.22,81,100,0.35,CD,1712192115
366,ceeldheer,3.8488,47.1806,301.48,79,100,3.3,SO,1712192115
367,bani walid,31.7566,13.9942,287.93,69,16,3.42,LY,1712192115
368,kalifornsky,60.4183,-151.29,276.34,72,40,5.14,US,1712192115
369,dadukou,26.5479,101.7054,293.47,46,1,0.91,CN,1712192115
370,springhill,33.006,-93.4668,290.09,59,0,2.4,US,1712192115
371,saveh,35.0213,50.3566,288.14,35,7,2.92,IR,1712192115
372,balabac,7.9868,117.0645,302.28,68,12,5.81,PH,1712192115
373,lishui,28.4604,119.9103,289.95,93,100,1.33,CN,1712192116
374,namibe,-15.1961,12.1522,295.22,68,42,4.29,AO,1712192059
375,arraial do cabo,-22.9661,-42.0278,297.13,94,40,1.54,BR,1712192116
376,nogliki,51.8333,143.1667,272.78,79,98,2.68,RU,1712192116
377,laascaanood,8.4774,47.3597,295.64,78,93,2.96,SO,1712192116
378,makarov,48.6333,142.8,276.12,69,100,1.75,RU,1712192116
379,kirakira,-10.4544,161.9205,302.74,77,88,5.59,SB,1712192116
380,peterborough,52.5736,-0.2478,282.08,93,100,4.12,GB,1712192116
381,ramanuj ganj,23.8,83.7,299.67,23,96,1.65,IN,1712192117
382,saynshand,44.8824,110.1163,275.68,27,100,4.49,MN,1712192117
383,bathsheba,13.2167,-59.5167,300.49,89,40,7.2,BB,1712192117
384,da lat,11.9465,108.4419,296.26,62,17,0.68,VN,1712192117
385,guaruja,-23.9931,-46.2564,297.53,26,0,2.68,BR,1712192117
386,yangambi,0.8102,24.4336,294.48,97,100,0.9,CD,1712192117
387,guarapari,-20.6667,-40.4975,299.76,94,28,2.62,BR,1712192117
388,thinadhoo,0.5333,72.9333,302.26,77,99,4.01,MV,1712192117
389,opuwo,-18.0607,13.84,293.93,77,44,0.92,NA,1712192118
390,dryden,49.7833,-92.7503,278.31,33,0,4.12,CA,1712192118
391,camana,-16.6228,-72.7111,294.98,77,98,1.91,PE,1712192118
392,essaouira,31.5125,-9.77,292.87,72,20,4.63,MA,1712192118
393,dhidhdhoo,6.8833,73.1,301.7,76,99,2.98,MV,1712192118
394,masterton,-40.9597,175.6575,290.43,62,100,5.19,NZ,1712192118
395,castelli,-25.9468,-60.6195,304.5,46,40,2.49,AR,1712192048
396,enoch,37.7733,-113.0244,291.29,35,0,9.77,US,1712192119
397,usogorsk,63.4106,48.6872,263.52,92,100,4.36,RU,1712192119
398,zalingei,12.9096,23.4741,297.06,15,99,2.13,SD,1712192119
399,toliara,-23.35,43.6667,298.28,70,0,1.87,MG,1712192119
400,khovd,48.0056,91.6419,273.73,96,100,1.18,MN,1712192119
401,fort st. john,56.2499,-120.8529,276.09,44,75,7.72,CA,1712192119
402,saint-philippe,-21.3585,55.7679,297.92,97,100,6.62,RE,1712192119
403,holland,42.7875,-86.1089,277.85,94,100,2.24,US,1712192109
404,limoeiro,-7.8747,-35.4503,298.26,91,88,0.74,BR,1712192120
405,camacupa,-12.0167,17.4833,290.74,97,100,0.71,AO,1712192120
406,turbat,26.0023,63.044,296.41,47,2,0.89,PK,1712192120
407,nguigmi,14.2495,13.1092,300.86,18,100,5.51,NE,1712192120
408,susuman,62.7833,148.1667,258.14,91,91,1.34,RU,1712192120
409,tubarjal,30.4999,38.216,294.17,22,0,1.95,SA,1712192120
410,mutuali,-14.8706,37.0044,293.86,88,91,1.54,MZ,1712192120
411,labytnangi,66.6572,66.4183,257.8,91,100,1.97,RU,1712192120
412,wenling,28.3669,121.36,286.7,95,100,3.4,CN,1712192121
413,al bawiti,28.3492,28.8659,291.9,39,0,3.81,EG,1712192121
414,las tablas,7.7667,-80.2833,300.47,99,43,2.57,PA,1712192121
415,acapetahua,15.2833,-92.7,299.65,76,81,2.45,MX,1712192121
416,aromashevo,56.8602,68.6375,277.92,86,100,5.49,RU,1712192121
417,sona,45.4388,10.8255,281.2,93,0,1.03,IT,1712192121
418,hobyo,5.3505,48.5268,301.08,81,86,4.03,SO,1712192121
419,kaduy,59.2,37.15,275.06,94,100,4.89,RU,1712192121
420,kangding,30.0513,101.9603,280.04,95,96,1.93,CN,1712192122
421,yelizovo,53.1873,158.3805,274.23,47,20,5.0,RU,1712192122
422,haiku-pauwela,20.9219,-156.3051,300.16,70,40,12.86,US,1712192122
423,pindushi,62.9152,34.58,265.75,88,100,6.61,RU,1712192122
424,malard,35.6659,50.9767,287.25,32,0,2.06,IR,1712192122
425,tommot,58.9564,126.2925,272.11,85,98,4.49,RU,1712192122
426,huaicheng,23.9051,112.1931,297.41,91,100,0.5,CN,1712192122
427,mar del plata,-38.0023,-57.5575,289.75,72,0,0.45,AR,1712192122
428,benguela,-12.5763,13.4055,298.42,86,27,1.05,AO,1712192123
429,mount isa,-20.7333,139.5,300.02,47,75,6.69,AU,1712192123
430,batticaloa,7.7102,81.6924,299.92,84,95,2.24,LK,1712192123
431,phayao,19.25,100.25,303.02,32,0,1.32,TH,1712192123
432,san clemente,33.427,-117.612,297.57,84,10,4.47,US,1712191831
433,quellon,-43.1167,-73.6167,284.98,93,96,3.38,CL,1712192123
434,elbasan,41.1125,20.0822,279.55,72,2,0.85,AL,1712192123
435,maxixe,-23.8597,35.3472,297.32,81,81,2.05,MZ,1712192124
436,santo antonio do ica,-3.1022,-67.9397,297.51,96,88,0.4,BR,1712192124
437,aldama,22.9167,-98.0667,298.43,43,40,5.14,MX,1712192124
438,oulainen,64.2667,24.8,263.04,96,12,1.74,FI,1712192124
439,ponta delgada,37.7333,-25.6667,291.59,82,40,11.83,PT,1712192124
440,malabar,-33.9667,151.25,294.29,78,75,6.69,AU,1712192124
441,mariental,-24.6333,17.9667,296.0,57,100,3.18,NA,1712192124
442,fada,9.5667,8.3,296.65,66,39,2.26,NG,1712192125
443,ewo,-0.8725,14.8206,297.09,88,100,1.48,CG,1712192125
444,ocean shores,46.9737,-124.1563,282.75,64,0,4.63,US,1712192010
445,coahuayana de hidalgo,18.7,-103.6583,295.66,70,91,1.56,MX,1712192125
446,aioun,16.6614,-9.6149,305.46,15,1,4.63,MR,1712192125
447,greymouth,-42.4667,171.2,287.56,91,99,6.14,NZ,1712192125
448,mersa matruh,31.3525,27.2453,288.26,77,0,2.06,EG,1712192125
449,uyskoye,54.3775,60.0047,273.7,91,0,2.37,RU,1712192125
450,mawu,29.5923,107.3139,289.51,95,100,0.21,CN,1712192126
451,mpika,-11.8343,31.4529,289.59,99,92,1.91,ZM,1712192126
452,bandarbeyla,9.4942,50.8122,300.13,76,100,3.84,SO,1712192126
453,point pedro,9.8167,80.2333,300.39,84,100,1.85,LK,1712192126
454,palmer,42.1584,-72.3287,276.4,83,100,5.66,US,1712191914
455,alice springs,-23.7,133.8833,294.94,40,0,7.72,AU,1712192126
456,edson,53.5835,-116.4356,280.23,31,40,6.17,CA,1712192126
457,los mochis,25.7667,-108.9667,297.77,31,0,7.14,MX,1712191937
458,nagqu,31.5,92.0,269.08,77,100,6.17,CN,1712192126
459,keelung,25.1283,121.7419,302.09,85,54,4.08,TW,1712192127
460,xinyuan,37.3,99.0,271.87,20,100,0.5,CN,1712192127
461,murghob,38.1702,73.9667,261.73,71,26,3.13,TJ,1712192127
462,aksu,41.1231,80.2644,283.44,34,100,1.81,CN,1712192127
463,hirara,24.8,125.2833,299.3,89,40,7.2,JP,1712192127
464,taoudenni,22.6783,-3.9836,301.81,12,0,4.81,ML,1712192127
465,fukagawa,43.7081,142.0392,276.18,51,100,0.98,JP,1712192127
466,san luis de la loma,17.2706,-100.8939,297.43,72,5,1.79,MX,1712192127
467,letterkenny,54.95,-7.7333,278.47,92,100,3.59,IE,1712192128
468,tangalle,6.024,80.7911,298.24,90,100,1.31,LK,1712192128
469,puerto baquerizo moreno,-0.9,-89.6,298.59,82,100,1.81,EC,1712191936
470,ciudad bolivar,8.1222,-63.5497,303.06,60,98,7.23,VE,1712191989
471,shiprock,36.7855,-108.687,295.34,20,0,3.29,US,1712192128
472,mata-utu,-13.2816,-176.1745,302.56,77,100,7.96,WF,1712191969
473,port augusta,-32.5,137.7667,293.36,45,62,4.42,AU,1712192128
474,edna,28.9786,-96.6461,297.23,54,0,2.76,US,1712192128
475,vuktyl,63.8567,57.3094,270.57,96,100,3.74,RU,1712192128
476,harlan,41.653,-95.3255,282.4,48,1,8.05,US,1712192129
477,chibougamau,49.9168,-74.3659,275.94,52,0,9.26,CA,1712192129
478,cody,44.5263,-109.0565,291.43,27,0,2.68,US,1712191832
479,barrancabermeja,7.0653,-73.8547,302.33,74,40,2.06,CO,1712192129
480,biograd na moru,43.9433,15.4519,285.79,79,96,1.5,HR,1712192129
481,luanda,-8.8368,13.2343,301.15,86,20,2.06,AO,1712191832
482,parfino,57.9731,31.6481,270.44,81,100,5.53,RU,1712192129
483,n'zeto,-7.2312,12.8666,300.18,88,100,2.51,AO,1712192129
484,villa gesell,-37.2639,-56.973,287.07,77,8,3.68,AR,1712191896
485,ar ruways,24.1103,52.7306,297.21,48,100,2.03,AE,1712192130
486,cururupu,-1.8283,-44.8683,297.6,94,100,0.95,BR,1712192130
487,poplar grove,42.3684,-88.8221,275.28,95,100,7.46,US,1712192130
488,kenai,60.5544,-151.2583,276.2,74,40,5.14,US,1712192130
489,cova figueira,14.8905,-24.2934,294.29,72,100,5.16,CV,1712192130
490,torrevieja,37.9787,-0.6822,289.71,66,0,0.77,ES,1712192130
491,ambon,-3.6954,128.1814,304.64,71,40,3.6,ID,1712192130
492,maceio,-9.6658,-35.7353,299.84,94,20,1.54,BR,1712191888
493,lumphat,13.4878,106.9816,303.32,57,27,2.27,KH,1712192131
494,miramar,25.9873,-80.2323,302.16,73,20,5.14,US,1712192095
495,timbuktu,16.7735,-3.0074,304.63,16,1,4.61,ML,1712192131
496,roswell,34.0232,-84.3616,287.08,45,0,8.23,US,1712191847
497,glace bay,46.1969,-59.957,274.14,91,100,5.14,CA,1712192131
498,anisoc,1.8658,10.7689,295.22,99,99,0.37,GQ,1712192132
499,songling,31.1933,120.7176,287.43,44,17,2.76,CN,1712192132
500,monteiro,-7.8894,-37.12,296.23,87,67,2.42,BR,1712192132
501,pavlovsk,50.4578,40.1081,287.0,62,100,2.54,RU,1712192132
502,xichang,27.8964,102.2634,290.13,67,98,1.5,CN,1712192132
503,isangel,-19.55,169.2667,302.01,75,4,5.97,VU,1712191967
504,ban ao nang,8.0458,98.8103,304.25,78,86,1.53,TH,1712192132
505,verkhnevilyuysk,63.4453,120.3167,271.11,91,100,5.19,RU,1712192133
506,egilsstadir,65.2653,-14.3948,260.1,85,0,1.54,IS,1712192133
507,yuzhno-kurilsk,44.0306,145.8556,276.14,71,100,2.14,RU,1712192133
508,nantucket,41.2835,-70.0995,277.67,93,100,12.35,US,1712192061
509,chhapar,27.8167,74.4,296.8,35,45,3.1,IN,1712192133
510,belle fourche,44.6714,-103.8522,292.64,54,0,3.59,US,1712192133
511,puerto el triunfo,13.2833,-88.55,301.17,77,40,3.32,SV,1712192133
512,launceston,-41.45,147.1667,289.9,51,15,2.57,AU,1712192094
513,olenegorsk,68.15,33.3,250.1,100,91,0.56,RU,1712192134
514,kerikeri,-35.2268,173.9474,297.19,45,15,2.14,NZ,1712192134
515,miraflores de la sierra,40.8155,-3.7621,281.85,85,91,1.32,ES,1712192134
516,bodaybo,57.8506,114.1933,267.1,77,66,0.91,RU,1712192134
517,mammoth lakes,37.6485,-118.9721,283.29,57,100,9.77,US,1712192134
518,leer,53.2316,7.461,284.22,90,100,0.45,DE,1712192134
519,esqueda,30.7167,-109.5833,293.88,19,0,2.52,MX,1712192135
520,port moresby,-9.4431,147.1797,302.31,71,72,1.72,PG,1712192135
521,akjoujt,19.6969,-14.4164,301.49,11,7,8.37,MR,1712192135
522,cill airne,52.05,-9.5167,279.49,97,100,1.69,IE,1712192135
523,bouar,5.934,15.596,292.91,93,100,1.76,CF,1712192135
524,tafuna,-14.3358,-170.72,305.12,70,75,4.12,AS,1712192135
525,anloga,5.7947,0.8973,301.65,83,45,6.52,GH,1712192135
526,pico truncado,-46.7949,-67.9573,284.04,49,100,14.63,AR,1712192136
527,t'aebaek,37.1759,128.9889,278.29,74,100,1.78,KR,1712192136
528,natal,-5.795,-35.2094,301.27,83,40,1.03,BR,1712191974
529,buka,40.8108,69.1986,283.38,64,41,1.72,UZ,1712192136
530,mariehamn,60.0973,19.9348,271.38,80,0,2.06,AX,1712192136
531,valenca,-13.3703,-39.0731,298.05,95,5,0.77,BR,1712192092
532,kataba,13.9833,44.3833,289.42,76,100,0.46,YE,1712192136
533,nehe,48.4833,124.8333,279.59,37,6,4.6,CN,1712192137
534,santa elena de uairen,4.6167,-61.1333,297.39,64,100,1.75,VE,1712192137
535,bom jesus,-9.0744,-44.3586,297.53,87,50,0.06,BR,1712191804
536,sao joao da barra,-21.6403,-41.0511,298.2,93,1,3.17,BR,1712192137
537,kuta,-8.7233,115.1723,298.15,100,75,2.68,ID,1712192137
538,marondera,-18.1853,31.5519,287.14,94,39,0.65,ZW,1712192137
539,opelousas,30.5335,-92.0815,296.09,40,0,2.06,US,1712192137
540,arno,60.1167,18.6333,271.36,64,100,5.81,SE,1712192137
541,tres palos,18.1833,-101.6167,297.11,55,94,2.52,MX,1712192137
542,biysk,52.5364,85.2072,274.32,82,19,2.11,RU,1712192125
543,rio preto da eva,-2.6994,-59.6997,297.66,97,100,0.85,BR,1712192138
544,christchurch,-43.5333,172.6333,287.56,78,100,8.23,NZ,1712191852
545,taulaga,-11.0553,-171.0883,302.91,70,91,2.64,AS,1712192138
546,oriximina,-1.7656,-55.8661,298.58,90,93,0.6,BR,1712191997
547,chui,-33.6971,-53.4616,289.18,95,100,3.43,UY,1712191876
548,zheshart,62.0731,49.5733,280.07,98,80,4.47,RU,1712192138
549,broken hill,-31.95,141.4333,291.33,43,15,6.82,AU,1712191955
550,sangueya,10.7,-14.3667,296.75,81,10,2.68,GN,1712192138
551,ambodifotatra,-16.9833,49.85,299.3,84,81,8.58,MG,1712192139
552,ambert,45.55,3.75,282.2,98,98,1.35,FR,1712192139
553,nikel,69.4128,30.222,264.25,98,99,1.17,RU,1712192139
554,katsuura,35.1333,140.3,288.16,88,100,4.28,JP,1712192139
555,muang xay,20.7,101.9833,301.56,34,0,0.86,LA,1712192139
556,kupang,-10.1667,123.5833,304.47,79,20,1.54,ID,1712192139
557,forster,-32.1667,152.5167,293.87,92,100,3.43,AU,1712192139
558,apostolove,47.66,33.7137,282.08,67,25,4.08,UA,1712192139
559,aginskoye,51.1,114.53,275.72,28,96,2.15,RU,1712192139
560,esmeralda,21.8525,-78.1169,298.51,72,0,3.13,CU,1712192140
561,zeya,53.75,127.2667,275.24,51,10,3.69,RU,1712192140
562,port shepstone,-30.7414,30.455,294.93,84,100,1.85,ZA,1712192140
563,horta,38.5333,-28.6333,287.6,73,31,8.94,PT,1712191949
564,mayna,54.1135,47.6231,284.36,68,100,7.43,RU,1712192140
565,northam,51.0333,-4.2167,284.4,96,100,7.76,GB,1712192140
566,port saint john's,-31.6229,29.5448,294.73,84,100,2.52,ZA,1712192140
567,saudarkrokur,65.7461,-19.6394,262.37,86,78,3.83,IS,1712192140
568,dunedin,-45.8742,170.5036,285.26,72,91,1.34,NZ,1712192026
569,angaur state,6.906,134.13,301.51,81,100,8.93,PW,1712192141
570,tromso,69.6496,18.957,261.16,72,49,1.03,NO,1712192141
571,candas,50.1069,2.2588,285.26,88,100,8.93,FR,1712192141
572,saldanha,-33.0117,17.9442,288.18,90,0,5.01,ZA,1712192141
573,bamboo flat,11.7,92.7167,299.2,94,29,0.0,IN,1712192141
574,tidjikja,18.5564,-11.4271,302.94,15,31,7.27,MR,1712192141
